,state_time,state_inventory,action,reward,next_state - Inventory,next_state - Time,done
0,0.0,1.0,0.1,-0.018540605310352502,0.1,0.9,False
1,0.1,0.9,0.1,-0.019127823009411377,0.2,0.8,False
2,0.2,0.8,0.2,-0.08894126235934548,0.3,0.6,False
3,0.3,0.6,0.05,-0.003575778856988681,0.4,0.55,False
4,0.4,0.55,0.05,-0.0035043604881842215,0.5,0.5,False
5,0.5,0.5,0.0,0.0,0.6,0.5,False
6,0.6,0.5,0.1,-0.019689647510673078,0.7,0.4,False
7,0.7,0.4,0.1,-0.019635686965354168,0.8,0.3,False
8,0.8,0.3,0.1,-0.019770588328651487,0.9,0.2,False
9,0.9,0.2,0.2,-0.08889047596375123,1.0,0.0,True
10,0.0,1.0,0.05,-0.0034964251138726228,0.1,0.95,False
11,0.1,0.95,0.25,-0.1430772786427336,0.2,0.7,False
12,0.2,0.7,0.05,-0.003591649605611902,0.3,0.65,False
13,0.3,0.65,0.0,0.0,0.4,0.65,False
14,0.4,0.65,0.1,-0.02073076862035583,0.5,0.55,False
15,0.5,0.55,0.1,-0.020333999904775517,0.6,0.45,False
16,0.6,0.45,0.0,0.0,0.7,0.45,False
17,0.7,0.45,0.3,-0.21076393848497826,0.8,0.15,False
18,0.8,0.15,0.05,-0.0037186155945975992,0.9,0.1,False
19,0.9,0.1,0.1,-0.019865812820390766,1.0,0.0,True
20,0.0,1.0,0.25,-0.14494209160596108,0.1,0.75,False
21,0.1,0.75,0.1,-0.02100215842181275,0.2,0.65,False
22,0.2,0.65,0.05,-0.004606583980066342,0.3,0.6,False
23,0.3,0.6,0.1,-0.02122276182767542,0.4,0.5,False
24,0.4,0.5,0.05,-0.004309007443381106,0.5,0.45,False
25,0.5,0.45,0.15,-0.049881862114936,0.6,0.3,False
26,0.6,0.3,0.15,-0.050465112126839,0.7,0.15,False
27,0.7,0.15,0.05,-0.0045359591486930475,0.8,0.1,False
28,0.8,0.1,0.05,-0.004623248266120727,0.9,0.05,False
29,0.9,0.05,0.05,-0.004820045549048555,1.0,0.0,True
30,0.0,1.0,0.1,-0.022048040756082493,0.1,0.9,False
31,0.1,0.9,0.15,-0.05329804075608244,0.2,0.75,False
32,0.2,0.75,0.1,-0.022952673427605597,0.3,0.65,False
33,0.3,0.65,0.05,-0.005527880937643832,0.4,0.6,False
34,0.4,0.6,0.1,-0.02332563602025107,0.5,0.5,False
35,0.5,0.5,0.1,-0.022608278182481865,0.6,0.4,False
36,0.6,0.4,0.15,-0.05158399990477548,0.7,0.25,False
37,0.7,0.25,0.1,-0.022825707438619877,0.8,0.15,False
38,0.8,0.15,0.1,-0.022730482946880598,0.9,0.05,False
39,0.9,0.05,0.05,-0.005115241473440298,1.0,0.0,True
40,0.0,1.0,0.15,-0.050369887635099746,0.1,0.85,False
41,0.1,0.85,0.05,-0.0037900339634020586,0.2,0.8,False
42,0.2,0.8,0.2,-0.09114412226824743,0.3,0.6,False
43,0.3,0.6,0.0,0.0,0.4,0.6,False
44,0.4,0.6,0.1,-0.021159278833182586,0.5,0.5,False
45,0.5,0.5,0.15,-0.0515435294957863,0.6,0.35,False
46,0.6,0.35,0.05,-0.004686731260613565,0.7,0.3,False
47,0.7,0.3,0.2,-0.09488961894332562,0.8,0.1,False
48,0.8,0.1,0.1,-0.022135329873510128,0.9,0.0,False
49,0.9,0.0,0.0,0.0,1.0,0.0,True
50,0.0,1.0,0.05,-0.005448527194527774,0.1,0.95,False
51,0.1,0.95,0.15,-0.05379796933771365,0.2,0.8,False
52,0.2,0.8,0.05,-0.005416785697281355,0.3,0.75,False
53,0.3,0.75,0.15,-0.054821632623910876,0.4,0.6,False
54,0.4,0.6,0.05,-0.005980197273405385,0.5,0.55,False
55,0.5,0.55,0.1,-0.024888904759637526,0.6,0.45,False
56,0.6,0.45,0.15,-0.056107163262391076,0.7,0.3,False
57,0.7,0.3,0.1,-0.024412782300941134,0.8,0.2,False
58,0.8,0.2,0.1,-0.024333428557825096,0.9,0.1,False
59,0.9,0.1,0.1,-0.0238731768477519,1.0,0.0,True
60,0.0,1.0,0.0,0.0,0.1,1.0,False
61,0.1,1.0,0.1,-0.023936659842244783,0.2,0.9,False
62,0.2,0.9,0.1,-0.02358750337253411,0.3,0.8,False
63,0.3,0.8,0.1,-0.023460537383548388,0.4,0.7,False
64,0.4,0.7,0.1,-0.023063768667968075,0.5,0.6,False
65,0.5,0.6,0.1,-0.022986001999714324,0.6,0.5,False
66,0.6,0.5,0.1,-0.022725721722293656,0.7,0.4,False
67,0.7,0.4,0.15,-0.05246482645336379,0.8,0.25,False
68,0.8,0.25,0.05,-0.005488204066085792,0.9,0.2,False
69,0.9,0.2,0.2,-0.09542922439651481,1.0,0.0,True
70,0.0,1.0,0.1,-0.022968544176228796,0.1,0.9,False
71,0.1,0.9,0.05,-0.005424721071592954,0.2,0.85,False
72,0.2,0.85,0.2,-0.09614658223428402,0.3,0.65,False
73,0.3,0.65,0.15,-0.05311949483407132,0.4,0.5,False
74,0.4,0.5,0.15,-0.05238626624767892,0.5,0.35,False
75,0.5,0.35,0.05,-0.004726408132171605,0.6,0.3,False
76,0.6,0.3,0.1,-0.02207978225332889,0.7,0.2,False
77,0.7,0.2,0.15,-0.0517268366423844,0.8,0.05,False
78,0.8,0.05,0.05,-0.004623248266120727,0.9,0.0,False
79,0.9,0.0,0.0,0.0,1.0,0.0,True
80,0.0,1.0,0.1,-0.021746496532241456,0.1,0.9,False
81,0.1,0.9,0.1,-0.02142908155977718,0.2,0.8,False
82,0.2,0.8,0.15,-0.05196489787173264,0.3,0.65,False
83,0.3,0.65,0.1,-0.023185973432366808,0.4,0.55,False
84,0.4,0.55,0.05,-0.005289819708295635,0.5,0.5,False
85,0.5,0.5,0.1,-0.022587646209271724,0.6,0.4,False
86,0.6,0.4,0.15,-0.05217915297814595,0.7,0.25,False
87,0.7,0.25,0.1,-0.02312725166246091,0.8,0.15,False
88,0.8,0.15,0.05,-0.0056627823009411295,0.9,0.1,False
89,0.9,0.1,0.1,-0.024365170055071494,1.0,0.0,True
90,0.0,1.0,0.05,-0.005797683664238449,0.1,0.95,False
91,0.1,0.95,0.1,-0.024587360535796493,0.2,0.85,False
92,0.2,0.85,0.1,-0.024523877541303654,0.3,0.75,False
93,0.3,0.75,0.1,-0.023857306099128704,0.4,0.65,False
94,0.4,0.65,0.15,-0.05419077036613814,0.5,0.5,False
95,0.5,0.5,0.1,-0.023293894523004673,0.6,0.4,False
96,0.6,0.4,0.0,0.0,0.7,0.4,False
97,0.7,0.4,0.2,-0.09752416321477886,0.8,0.2,False
98,0.8,0.2,0.1,-0.023749385008490883,0.9,0.1,False
99,0.9,0.1,0.1,-0.024317557809201855,1.0,0.0,True
100,0.0,1.0,0.0,0.0,0.1,1.0,False
101,0.1,1.0,0.05,-0.005972261899093786,0.2,0.95,False
102,0.2,0.95,0.1,-0.024381040803694735,0.3,0.85,False
103,0.3,0.85,0.15,-0.05520253059086797,0.4,0.7,False
104,0.4,0.7,0.15,-0.05525014283673763,0.5,0.55,False
105,0.5,0.55,0.1,-0.02469845577615897,0.6,0.45,False
106,0.6,0.45,0.1,-0.024888904759637526,0.7,0.35,False
107,0.7,0.35,0.1,-0.024746068022028608,0.8,0.25,False
108,0.8,0.25,0.1,-0.024587360535796493,0.9,0.15,False
109,0.9,0.15,0.15,-0.05607145407798888,1.0,0.0,True
110,0.0,1.0,0.1,-0.025000000000000005,0.1,0.9,False
111,0.1,0.9,0.25,-0.1556151700550715,0.2,0.65,False
112,0.2,0.65,0.05,-0.006186517005507163,0.3,0.6,False
113,0.3,0.6,0.15,-0.05544059182021614,0.4,0.45,False
114,0.4,0.45,0.05,-0.00581355441286167,0.5,0.4,False
115,0.5,0.4,0.05,-0.005821489787173268,0.6,0.35,False
116,0.6,0.35,0.05,-0.005853231284419687,0.7,0.3,False
117,0.7,0.3,0.05,-0.0060397125807424455,0.8,0.25,False
118,0.8,0.25,0.1,-0.024349299306448295,0.9,0.15,False
119,0.9,0.15,0.15,-0.054274091796410066,1.0,0.0,True
120,0.0,1.0,0.1,-0.023682727864273386,0.1,0.9,False
121,0.1,0.9,0.15,-0.054274091796410066,0.2,0.75,False
122,0.2,0.75,0.05,-0.005591363932136693,0.3,0.7,False
123,0.3,0.7,0.05,-0.0036313264771699423,0.4,0.65,False
124,0.4,0.65,0.05,-0.0031869455157199885,0.5,0.6,False
125,0.5,0.6,0.25,-0.13855411528511796,0.6,0.35,False
126,0.6,0.35,0.05,-0.0022188298497040236,0.7,0.3,False
127,0.7,0.3,0.15,-0.044775448745417334,0.8,0.15,False
128,0.8,0.15,0.15,-0.04463261200780841,0.9,0.0,False
129,0.9,0.0,0.0,0.0,1.0,0.0,True
130,0.0,1.0,0.2,-0.08378009490707683,0.1,0.8,False
131,0.1,0.8,0.2,-0.08320874795664115,0.2,0.6,False
132,0.2,0.6,0.05,-0.0022862805313526606,0.3,0.55,False
133,0.3,0.55,0.1,-0.017477265152597236,0.4,0.45,False
134,0.4,0.45,0.05,-0.0026870169340887737,0.5,0.4,False
135,0.5,0.4,0.05,-0.002369601961624541,0.6,0.35,False
136,0.6,0.35,0.1,-0.01684243520766877,0.7,0.25,False
137,0.7,0.25,0.0,0.0,0.8,0.25,False
138,0.8,0.25,0.1,-0.017128108682886563,0.9,0.15,False
139,0.9,0.15,0.15,-0.044775448745417334,1.0,0.0,True
140,0.0,1.0,0.1,-0.016969401196654445,0.1,0.9,False
141,0.1,0.9,0.1,-0.016509149486581293,0.2,0.8,False
142,0.2,0.8,0.1,-0.017263010046183882,0.3,0.7,False
143,0.3,0.7,0.1,-0.017088431811328568,0.4,0.6,False
144,0.4,0.6,0.05,-0.0022902482185084595,0.5,0.55,False
145,0.5,0.55,0.1,-0.017191591677379443,0.6,0.45,False
146,0.6,0.45,0.05,-0.002068057737783506,0.7,0.4,False
147,0.7,0.4,0.1,-0.01620760526274026,0.8,0.3,False
148,0.8,0.3,0.2,-0.08210731800219018,0.9,0.1,False
149,0.9,0.1,0.1,-0.015863210017616525,1.0,0.0,True
150,0.0,1.0,0.15,-0.04172826500976051,0.1,0.85,False
151,0.1,0.85,0.05,-0.001399105683315082,0.2,0.8,False
152,0.2,0.8,0.2,-0.08235172753098764,0.3,0.6,False
153,0.3,0.6,0.05,-0.001631612150645151,0.4,0.55,False
154,0.4,0.55,0.05,-0.0017427073910076286,0.5,0.5,False
155,0.5,0.5,0.45,-0.465205863448079,0.6,0.05,False
156,0.6,0.05,0.0,0.0,0.7,0.05,False
157,0.7,0.05,0.0,0.0,0.8,0.05,False
158,0.8,0.05,0.05,-0.0017379461664206643,0.9,0.0,False
159,0.9,0.0,0.0,0.0,1.0,0.0,True
160,0.0,1.0,0.1,-0.015810836547159944,0.1,0.9,False
161,0.1,0.9,0.15,-0.04222819359139173,0.2,0.75,False
162,0.2,0.75,0.15,-0.04222819359139173,0.3,0.6,False
163,0.3,0.6,0.1,-0.015652129060927826,0.4,0.5,False
164,0.4,0.5,0.05,-0.003883671380279009,0.5,0.45,False
165,0.5,0.45,0.05,-0.004454224793283496,0.6,0.4,False
166,0.6,0.4,0.0,0.0,0.7,0.4,False
167,0.7,0.4,0.25,-0.14180761875287662,0.8,0.15,False
168,0.8,0.15,0.1,-0.01928653049564349,0.9,0.05,False
169,0.9,0.05,0.05,-0.003559908108365483,1.0,0.0,True
170,0.0,1.0,0.1,-0.02016418289450714,0.1,0.9,False
171,0.1,0.9,0.0,0.0,0.2,0.9,False
172,0.2,0.9,0.1,-0.021064054341443306,0.3,0.8,False
173,0.3,0.8,0.0,0.0,0.4,0.8,False
174,0.4,0.8,0.05,-0.0038852584551413378,0.5,0.75,False
175,0.5,0.75,0.15,-0.04896532638194542,0.6,0.6,False
176,0.6,0.6,0.2,-0.09047755082607248,0.7,0.4,False
177,0.7,0.4,0.15,-0.049631897824120356,0.8,0.25,False
178,0.8,0.25,0.2,-0.0917789522131759,0.9,0.05,False
179,0.9,0.05,0.05,-0.0038852584551413378,1.0,0.0,True
180,0.0,1.0,0.05,-0.0040122244441270355,0.1,0.95,False
181,0.1,0.95,0.05,-0.003742421717532419,0.2,0.9,False
182,0.2,0.9,0.05,-0.003742421717532419,0.3,0.85,False
183,0.3,0.85,0.05,-0.003774163214778838,0.4,0.8,False
184,0.4,0.8,0.05,-0.0039090645780761575,0.5,0.75,False
185,0.5,0.75,0.55,-0.7285793497754292,0.6,0.2,False
186,0.6,0.2,0.2,-0.08920789093621546,0.7,0.0,False
187,0.7,0.0,0.0,0.0,0.8,0.0,False
188,0.8,0.0,0.0,0.0,0.9,0.0,False
189,0.9,0.0,0.0,0.0,1.0,0.0,True
190,0.0,1.0,0.0,0.0,0.1,1.0,False
191,0.1,1.0,0.05,-0.0030441087781110697,0.2,0.95,False
192,0.2,0.95,0.2,-0.0872462664063864,0.3,0.75,False
193,0.3,0.75,0.0,0.0,0.4,0.75,False
194,0.4,0.75,0.0,0.0,0.5,0.75,False
195,0.5,0.75,0.0,0.0,0.6,0.75,False
196,0.6,0.75,0.25,-0.13974442143185895,0.7,0.5,False
197,0.7,0.5,0.0,0.0,0.8,0.5,False
198,0.8,0.5,0.05,-0.0030758502753574887,0.9,0.45,False
199,0.9,0.45,0.45,-0.47718272389658634,1.0,0.0,True
